file,system,user,assistant,tool,unknown,total
01b61529-5f4c-4e92-8340-27a6daca2562.json,1,1,43,42,0,87
01cb3280-c073-4626-8cc2-6a37a7aa8d0a.json,1,1,10,11,0,23
02fd0e7f-3f67-4d1d-b74f-01926800c8ed.json,1,1,70,73,0,145
03795889-e054-4c7b-be4a-de4b871dba83.json,1,1,29,30,0,61
046e73c9-c290-47a6-afa7-8124d471e6d1.json,1,1,25,25,0,52
04b3dfe3-dc24-4bf6-8f66-30d06294f652.json,1,1,11,10,0,23
05ea80c2-0be1-48a7-8190-59277b87c526.json,1,1,35,34,0,71
0607ef60-263a-425a-82f5-701b048c6c30.json,1,1,36,38,0,76
0661d0fb-f418-4b6c-9960-e5eb4c8207d8.json,1,1,23,25,0,50
066e69c2-a010-4c7d-b7b4-5f383daebd24.json,1,1,17,17,0,36
0706ffa7-143b-4717-be24-6be3dd28f3fe.json,1,1,33,33,0,68
070bdee7-e4e2-4eaf-8eaa-87f65e063817.json,1,1,17,18,0,37
07625a4a-3db4-4c13-bb20-2655c1e55bc0.json,1,1,15,15,0,32
07721490-ba82-408e-a8ca-bc5666a9528e.json,1,1,16,16,0,34
07f0a4ca-5c6b-4010-a2c5-6456f22e5cd4.json,1,1,24,24,0,50
0897c890-dff9-477e-8f83-a03f8d019790.json,1,1,34,35,0,71
090c1f1a-46e8-4660-8981-b8b922479753.json,1,1,90,92,0,184
09a3200a-23cc-49a4-ad15-c94645f56761.json,1,1,11,10,0,23
0ab64571-bee9-4507-aac2-bacff306496d.json,1,1,16,16,0,34
0bcdb128-5de2-41d6-a119-554b6d560af2.json,1,1,24,23,0,49
0c2e8480-a869-4ac1-806f-0e808a60597a.json,1,1,45,47,0,94
0c98f28f-c682-43b3-9eaf-86ad25473644.json,1,1,28,28,0,58
0c9afff2-dd8b-4c55-b3a7-7651956e6d97.json,1,1,38,50,0,90
0ca3f1e5-c04c-42da-8440-50f8290c46aa.json,1,1,33,34,0,69
0d76e96d-a477-4b21-8358-a29c79d3c0ca.json,1,1,15,15,0,32
0dac41a5-b2cc-4596-ba0c-aff52ebe47b9.json,1,1,28,28,0,58
0dde7e33-08a7-418a-af58-89b17fb01f3f.json,1,1,30,29,0,61
0fbd6e20-f79f-4856-861c-c5eb07063fcb.json,1,1,74,77,0,153
10792157-ba38-4e9c-b3c9-9bc8906a2f6f.json,1,1,12,12,0,26
111d6ff6-fbf0-46e0-82aa-c69956eae192.json,1,1,7,6,0,15
114cbfd5-24c1-43cc-a8e5-7c2095eee62f.json,1,1,26,31,0,59
117c8e21-7528-46d1-93e2-89f6076759d5.json,1,1,11,10,0,23
1187ebfd-2fb2-43b7-a23a-737577b2bee1.json,1,1,51,51,0,104
11b7a321-b1a1-4b9a-a5f8-aef8bac11447.json,1,1,19,18,0,39
120d85c9-22ed-4ca9-b298-73d0c6a292a0.json,1,1,25,24,0,51
121c95d9-a8a3-4c7c-a81b-66eba92642c5.json,1,1,63,66,0,131
12703cf1-3e14-4289-a818-ddb7182eaa4f.json,1,1,31,31,0,64
12ab7c35-7bf6-4eb8-8e20-f538de811d26.json,1,1,9,10,0,21
12cabc49-6693-490a-bd52-20652083af39.json,1,1,24,24,0,50
12d3a537-c02b-4647-827f-8dbaf189f3aa.json,1,1,35,35,0,72
132779e8-245a-4839-8df7-bd71cee7e8d7.json,1,1,23,24,0,49
134f8a3d-8c7c-4eaf-8919-a56234881a8e.json,1,1,14,13,0,29
1397c813-43f5-444f-a285-5e2167274c26.json,1,1,12,13,0,27
14335844-6e3a-4d18-9cfe-6334811d98bc.json,1,1,17,17,0,36
14cabbab-0da1-4794-946c-188d156e673b.json,1,1,16,15,0,33
15604bb3-c777-4fd0-9727-24d771467db6.json,1,1,24,26,0,52
165b4043-59ce-4cd6-b098-dbd9436dae14.json,1,1,22,23,0,47
184cdb2e-7086-4286-ae78-16bf85d4c979.json,1,1,37,38,0,77
184ceb73-4539-48d7-ae04-ab15ba363dc4.json,1,1,9,10,0,21
186fc273-dbea-41ed-8a09-37267f466ca4.json,1,1,30,32,0,64
18aba11c-c678-4d16-933c-78b50be7ac27.json,1,1,72,71,0,145
19426b15-03fa-4b58-a7cf-1b0258482297.json,1,1,43,43,0,88
197c38ef-339e-4acf-84a3-0a0f6aead454.json,1,1,50,54,0,106
1998797a-9a8a-4b59-825e-c86eea558951.json,1,1,9,8,0,19
19b676de-1a72-4d01-83d0-2bb80e86e767.json,1,1,49,52,0,103
19fa0160-6dc2-407f-8883-92fab57dd377.json,1,1,20,20,0,42
1a1b0455-3327-45ef-b466-cfc5f8f94dec.json,1,1,29,31,0,62
1b84717c-0dc3-48f5-a0e8-a108fec295ab.json,1,1,23,23,0,48
1c1fee5f-050f-4a6b-be9f-6eeb1df20f26.json,1,1,11,10,0,23
1c886921-6111-486b-98c5-97b0180e37a4.json,1,1,20,20,0,42
1cc1f0d2-4e28-4340-a4f5-a9c4817dab2f.json,1,1,30,31,0,63
1d827122-8eaf-4b96-ab58-f27b9b0d683e.json,1,1,23,25,0,50
1dcd4da1-9d6d-405e-ba72-11e92c1016f6.json,1,1,21,23,0,46
1ed95f9e-8545-4a45-a2cd-23a0a7a9b2d5.json,1,1,18,18,0,38
1f3f8c31-2ece-4905-9e6d-6f715b116bd9.json,1,1,8,10,0,20
1f666db4-f06d-471e-8bbf-d074f78de4a6.json,1,1,21,23,0,46
2014c430-9dfe-463b-82a3-0cba5169a008.json,1,1,20,21,0,43
20ae4483-b392-4cf0-b44c-f0075a79163c.json,1,1,29,28,0,59
2129e7c9-75d3-485c-bbc7-23e9bbdf2d3a.json,1,1,16,18,0,36
214b915f-5a20-4819-9260-292390843ce6.json,1,1,13,12,0,27
219e4669-8fab-417b-847e-dc81094a961d.json,1,1,21,21,0,44
21a90ccf-961b-4b3d-a29c-45a0d3f120d2.json,1,1,27,27,0,56
221bb421-80d9-411c-9436-637215a5140e.json,1,1,15,14,0,31
22946ae5-e180-4368-9200-0fedc2ec881c.json,1,1,17,27,0,46
229e54a4-2fdf-4220-aee5-539a818b6737.json,1,1,31,32,0,65
22a0027f-5f35-4e2b-8807-88d664f9d2e4.json,1,1,80,84,0,166
22e89a24-ef6b-47be-a7b8-e8bcac313123.json,1,1,88,102,0,192
230ac049-e923-415e-ae9b-a95f70ed77bd.json,1,1,19,20,0,41
245eeb54-601d-4820-8ff9-c8cc888cdf6c.json,1,1,13,14,0,29
2482396f-2979-4655-9459-9b06f31e9545.json,1,1,46,48,0,96
24e2b03a-bdbc-4375-b1fb-ef22859f30c3.json,1,1,18,21,0,41
27ccb915-e3b8-49fc-aca1-cb958e88b1fb.json,1,1,14,13,0,29
288a50b9-1c9d-48c1-afa7-15847e984c7b.json,1,1,12,11,0,25
297d31af-eadb-40aa-a617-2fdc2b5d2d7d.json,1,1,70,73,0,145
2aaaf552-1e2f-475e-b4b8-8ea0180747ee.json,1,1,26,25,0,53
2ae4867d-6db8-4cbd-86c5-5c8a96a2bcb5.json,1,1,25,27,0,54
2b1d2c60-b76e-482c-a394-048d30589630.json,1,1,27,29,0,58
2badcfa8-c67a-431c-be27-e8b52e27c967.json,1,1,21,20,0,43
2c62cc66-ef3a-4a6d-876f-21e2e234946e.json,1,1,77,77,0,156
2c6d97c4-ffcd-4213-8612-0b83e69e3669.json,1,1,69,71,0,142
2c7f180a-d6e7-4dbe-9540-6690e55c5601.json,1,1,21,21,0,44
2ca8a2e9-1fef-4c97-b3ff-c932fd578364.json,1,1,55,56,0,113
2ce08c75-f766-4a10-80e8-8f262454c472.json,1,1,27,26,0,55
2cf99edf-92c3-4795-9585-6132d0ffe71f.json,1,1,62,62,0,126
2cfadf78-96c1-43fc-b7dd-c342aefc82cc.json,1,1,46,50,0,98
2ee27441-5006-43db-8335-7607260faa58.json,1,1,27,32,0,61
2eef8df4-0cae-44b1-ab78-1da768f323da.json,1,1,30,31,0,63
2f63fd8a-665e-4ad2-9a90-eba145d1c41a.json,1,1,32,32,0,66
2fc1fa5e-7c89-456d-a903-2fd1e450c166.json,1,1,8,8,0,18
2fc31a43-cddd-4454-823e-25151890bdab.json,1,1,7,6,0,15
3018fb5e-4170-4fbd-b1e4-e8d697a2ef7f.json,1,1,36,37,0,75
31d62094-497c-4c39-80f2-191ef93b40d5.json,1,1,26,27,0,55
321d7060-ee57-4fbd-b020-82388565f735.json,1,1,24,23,0,49
3267b6a6-2d49-4901-a7da-9f058153d5c9.json,1,1,42,45,0,89
32faed99-f0f2-42a5-bf01-aeb2e3468eb8.json,1,1,50,50,0,102
332141c9-9b95-4707-94dd-9178f772f808.json,1,1,21,25,0,48
332d0d47-613f-4a8f-b8ef-95dea1ead4ed.json,1,1,33,33,0,68
33ecfadd-5735-4df3-8f69-e224fee57ce5.json,1,1,11,10,0,23
3558db4c-9e96-4e21-826f-307585943b34.json,1,1,6,5,0,13
3592543c-a1ef-419f-bde4-e313c252e7eb.json,1,1,12,11,0,25
35b3ef7e-621f-450f-880c-de350329d4c6.json,1,1,53,52,0,107
360d5ec2-2419-44f9-a2b6-1a9c23053a0b.json,1,1,105,109,0,216
36b77894-ecff-4b86-9b3c-31c09ebdc886.json,1,1,27,29,0,58
372aaa75-3a4a-47c5-b0cb-d3e948225d95.json,1,1,22,21,0,45
376e9296-1cff-4586-9382-6379b0b1decb.json,1,1,17,18,0,37
37822aee-2a45-42bf-a5b4-a92a7f6de6e7.json,1,1,37,40,0,79
39c635cc-6158-41cc-91d6-8057c718cff7.json,1,1,29,31,0,62
3a4d605f-a386-455a-a069-7785911bc242.json,1,1,18,18,0,38
3aaf658a-b28e-4a74-83c2-febc1ba9908f.json,1,1,10,9,0,21
3b33f6e0-4315-4a7a-a107-e434d11cf9b7.json,1,1,86,85,0,173
3b85177e-1b09-4077-ac7e-4ad388275aae.json,1,1,13,12,0,27
3b8950de-08a6-4def-86e8-453ad57e00a0.json,1,1,19,19,0,40
3ca57540-d9fb-4973-901a-48d0cbcd88ef.json,1,1,20,19,0,41
3dad8b88-8c3f-4369-8bc1-6ef1bd648364.json,1,1,35,35,0,72
3df99296-8510-4d98-a779-538f107163bf.json,1,1,22,22,0,46
3e57f9f0-f7d7-4e50-b304-bf1a9f01b466.json,1,1,55,58,0,115
3ef1d76a-8903-44b6-8041-6798a097a057.json,1,1,20,20,0,42
3fb04fb9-175e-4b64-9531-2cb7c16a2ee9.json,1,1,23,24,0,49
40ece5c4-ce0e-4a80-ad44-d04fda9a6ddd.json,1,1,7,6,0,15
421afa29-96f1-4397-8164-268ed5963fba.json,1,1,22,24,0,48
42a58afe-c95f-46be-8cf8-da1b875a6842.json,1,1,58,61,0,121
42f85909-7afd-4983-a85b-510283252594.json,1,1,14,15,0,31
435c1874-2753-4bd9-b4f5-41f8e2ab4736.json,1,1,24,24,0,50
43dd5f2e-5b40-437c-9031-97548a1f04bc.json,1,1,18,19,0,39
44012c51-d6df-4f22-9945-c4c69fe080a2.json,1,1,23,24,0,49
441a0117-721f-4ec3-8cc9-83a2a48e755a.json,1,1,56,56,0,114
446ca223-b145-4052-b032-42adfffa43a7.json,1,1,34,34,0,70
44d08287-d80f-45c7-8a66-f8ee8085dcbd.json,1,1,22,22,0,46
45883ee0-c6cd-4af9-adfa-36871167d237.json,1,1,36,35,0,73
4592a60e-57a8-47a2-91d9-bb003b664650.json,1,1,81,86,0,169
45cbfd9d-3709-4003-861d-971ccbd41074.json,1,1,35,35,0,72
46ab410b-c78d-403d-8d06-3446fc5836f5.json,1,1,13,14,0,29
47571076-d310-45f4-92fa-0960b9aae2e9.json,1,1,19,18,0,39
475880d1-d692-4285-abb4-fa88b6e6592a.json,1,1,55,57,0,114
4815dfa6-a4fe-4ad6-9a97-78300f348d94.json,1,1,21,22,0,45
490780ce-57a4-451f-ace7-91078c698b7c.json,1,1,21,20,0,43
4992cb2c-49b1-45aa-9ca4-63147284fc8d.json,1,1,20,20,0,42
4ab781b0-1b70-48e8-bdc9-6e9e66c5defb.json,1,1,55,59,0,116
4ad3e483-0e9d-4af0-9266-b9f687f2ca62.json,1,1,26,30,0,58
4b2ea68c-05a3-4d18-b5b5-ef5c49808d7b.json,1,1,36,41,0,79
4b743f85-4cb1-427b-b597-375dae60defe.json,1,1,24,23,0,49
4b7f13b0-5b59-4617-a814-0da998014841.json,1,1,23,22,0,47
4be8fe01-5199-4c0a-b71c-00e55d06170a.json,1,1,28,29,0,59
4cb70329-e4f2-43d2-9b7b-78064a6c7ce1.json,1,1,40,44,0,86
4ce6b2c0-a463-4644-8e6c-f96b7bbc51e9.json,1,1,30,32,0,64
4cf1458c-469f-4e00-8671-8f3c11a82d94.json,1,1,66,74,0,142
4d383120-5b47-44e9-814b-fbcd4a90c379.json,1,1,25,26,0,53
4dc46bb1-68a6-4ad0-9fb2-32066bac952c.json,1,1,63,65,0,130
4e6d4ec8-087f-4c5b-a549-4ce9d581c782.json,1,1,13,12,0,27
5092c121-db91-4ea9-bd5f-c143843a0339.json,1,1,15,16,0,33
51136ab2-96e1-4157-8c42-dad554041b14.json,1,1,36,37,0,75
515fd1db-96aa-436f-93ea-5b2e54538448.json,1,1,53,61,0,116
51869de6-a938-4152-947b-4210ec813c16.json,1,1,31,30,0,63
51881565-8ae4-4731-a22f-be0e79ff3034.json,1,1,31,33,0,66
51a68878-411f-472d-b5a5-b6aecb1d728c.json,1,1,22,22,0,46
5342c0ed-33f2-413f-bf08-7718f69c8a75.json,1,1,15,14,0,31
53462ef3-18ca-4af2-b058-133b96d3d886.json,1,1,16,18,0,36
53b7ef07-5dfd-416f-8dd3-e18570e0eee3.json,1,1,26,26,0,54
540f99d7-9f5c-4807-a7f3-85628dd75e3a.json,1,1,15,14,0,31
5488dd17-c3d7-41c5-a6af-8514c9df6134.json,1,1,24,23,0,49
552e3d32-0378-4a08-8d62-d72353f05eac.json,1,1,10,9,0,21
5621bcfc-ec1c-4391-8b88-be59df22c8e4.json,1,1,30,33,0,65
565c2f15-813b-4d31-93d3-803f03f7b417.json,1,1,66,70,0,138
576642fd-deb8-41b3-9b3a-ef66ecfa31fa.json,1,1,52,58,0,112
583bb85d-c264-4354-a63e-8946c0c9c652.json,1,1,23,26,0,51
5878dd19-01cb-4892-8da0-b370e1b24e7f.json,1,1,21,21,0,44
5884fce9-c5ab-4bde-b70c-621899aef28e.json,1,1,73,76,0,151
588fed4c-0aee-464d-878d-ae1c8c74ec5b.json,1,1,11,11,0,24
58988089-c38f-4add-99a5-f08686b0f74a.json,1,1,8,7,0,17
58a51015-c2a5-47c6-8396-3510260e9439.json,1,1,7,6,0,15
590c3dc7-7ee9-45e4-a2bb-82c21f2436a5.json,1,1,25,25,0,52
595e987f-5fb1-49e3-9bc4-286afcb13470.json,1,1,15,14,0,31
5978b1be-e0cf-4c8e-a2e8-d85725d5d9db.json,1,1,11,10,0,23
5a23eb05-b377-4230-9df5-02a8831cfc3c.json,1,1,33,32,0,67
5b5104c4-5993-46ea-aae8-97e16faa04df.json,1,1,27,27,0,56
5b81b4f5-0a05-4c60-96ca-aa2a2d5ae220.json,1,1,70,74,0,146
5ce02782-5877-4a77-adc4-4c417f726547.json,1,1,18,19,0,39
5d7d2a86-afa2-4082-b6c4-742c8bc28bed.json,1,1,14,13,0,29
5d7eca6a-a8ed-43f0-afb9-86308953c18d.json,1,1,7,6,0,15
5f005fbb-d859-4686-b5a2-64917b0aecb4.json,1,1,40,43,0,85
6036a76d-a2c9-4f7c-9e75-55c4b2e9ca56.json,1,1,67,68,0,137
60f0ba27-d32e-490a-b90a-24efc77a222c.json,1,1,16,20,0,38
617e8d89-d78b-4a93-a488-48e3728cd83e.json,1,1,35,41,0,78
619664f4-2540-4c47-9879-182a5ab115e8.json,1,1,25,25,0,52
6288e435-5855-4cd4-b6e6-1f8e428edc10.json,1,1,12,12,0,26
62f115dc-38da-4fc4-a8f4-a10783251af2.json,1,1,19,18,0,39
64abeda8-204b-4cb3-9e86-98b3112e0fa7.json,1,1,45,48,0,95
64b5b69d-0937-485f-bafa-a1c6b7a29172.json,1,1,31,38,0,71
650b8f39-62e2-418d-9c36-7c364c851dfc.json,1,1,9,8,0,19
65f86b08-efce-44ef-83f1-a1ffefdda152.json,1,1,18,17,0,37
661d8002-11c4-4a6c-b018-48f4e5035449.json,1,1,26,26,0,54
66683a6b-dc43-42ee-84f7-9cfddede68fc.json,1,1,11,10,0,23
681f63b1-11d4-4d6f-ba17-86b8dd053e56.json,1,1,107,111,0,220
68cab52a-8118-48dd-a79b-66ef57f1a75c.json,1,1,31,30,0,63
69943c2a-22f4-4a71-8971-b3ea57f79e4a.json,1,1,40,40,0,82
6eba53be-bce0-4e39-8405-7486603a02eb.json,1,1,8,7,0,17
6f92b828-a3b3-4ee7-9942-33f8e4a27b24.json,1,1,13,12,0,27
71a398c3-b965-4e2f-8bfb-2f8b5bd044e4.json,1,1,25,27,0,54
71a95854-cf14-4d02-97ee-f45309a852e5.json,1,1,63,62,0,127
71acbb29-413e-462c-ade1-ffa57e2b989b.json,1,1,34,33,0,69
71ea3099-4dfe-46dc-85af-8c915f6ceca7.json,1,1,49,50,0,101
723b1698-3520-4802-ac02-49785c9181a5.json,1,1,8,7,0,17
727ed5ad-2e53-415b-836f-6ec9506d476a.json,1,1,21,29,0,52
729cf520-7a97-408a-94a3-c76bb6aa752a.json,1,1,11,10,0,23
73151460-11e5-4c80-ad63-cd5a37502723.json,1,1,28,28,0,58
7320caa7-6621-4516-a930-9be427d920d8.json,1,1,17,18,0,37
74048d89-90f9-48ee-93d3-c9402b8c4445.json,1,1,11,12,0,25
747d32df-a058-4c13-bd46-e976d3ba682d.json,1,1,22,21,0,45
7492659f-8c1e-405f-8df0-37fcbab350c9.json,1,1,21,20,0,43
74fa5488-2c5c-4c5d-a1a9-e6fa0d0f53ea.json,1,1,17,18,0,37
758ca707-040b-4371-9270-8ec3d64f79dc.json,1,1,62,65,0,129
75d4fe3b-aa21-4334-80ff-d9767be2a622.json,1,1,41,40,0,83
771c7690-c0ca-47ba-a2c7-e74f9e5234fa.json,1,1,58,59,0,119
77c14adc-a906-44a7-b5e2-ab67a86ca2fe.json,1,1,23,22,0,47
78df532f-93d6-4e26-b583-c76fb4c54ca6.json,1,1,9,11,0,22
78fec291-24c4-4ca9-a030-83d01886ed58.json,1,1,8,7,0,17
790299c6-1b7a-40a0-8afc-b616ab5e7375.json,1,1,18,18,0,38
790a4437-b637-4cdf-861d-596d076e65ec.json,1,1,29,31,0,62
791b5636-3bcb-4084-87ab-f09f3549ec82.json,1,1,22,21,0,45
792433e9-aa48-4162-8b3a-ba4e2d9a5760.json,1,1,46,52,0,100
7934718c-5d94-45ea-9148-d665000e7dc4.json,1,1,21,20,0,43
79e9fcae-5a55-41d2-b736-2cb70d23e1c8.json,1,1,42,42,0,86
7b5d36bf-3499-4778-948c-f03bb4fbec86.json,1,1,19,19,0,40
7be3e735-92a9-4cba-92e9-62dcd6a5835b.json,1,1,14,13,0,29
7c0b0dd3-134e-4b47-ab10-b9fc00a9d531.json,1,1,48,49,0,99
7c1d068d-b6b6-4f77-a902-8169c21b2b36.json,1,1,6,5,0,13
7cd7182e-703c-4ff5-b6ba-040f8992e792.json,1,1,70,70,0,142
7cd7662e-6cdb-4ed1-b63e-8ef2abcd722d.json,1,1,15,15,0,32
7cf12da5-f1ef-4954-84cf-4f7e3e7072ff.json,1,1,82,83,0,167
7dbbfca2-66ec-4b58-bce2-85015c882970.json,1,1,36,36,0,74
7e0e198b-4eff-4789-8732-41a676f2bafb.json,1,1,36,37,0,75
7e3483f6-f730-46f4-9f2f-77eef525e11a.json,1,1,34,36,0,72
7eb75301-cb34-472a-a8f0-d67f58cc8afa.json,1,1,42,42,0,86
7ebc4282-3931-4f38-8102-7f38494646dd.json,1,1,21,21,0,44
7ee7f727-04dc-4650-b593-b4ec47e7fb1b.json,1,1,28,28,0,58
7f82bcb2-10e3-47ff-87c3-8af53db35c13.json,1,1,24,23,0,49
8023bd87-0710-40e3-aa90-d11eb126b0da.json,1,1,40,46,0,88
807fbd6b-ee77-42ca-bcab-ce3c719ce82e.json,1,1,12,11,0,25
80b88af1-d8b9-42b2-be24-d0e9dd55961c.json,1,1,9,8,0,19
810260fc-68f2-4e80-a79f-e23b8822793f.json,1,1,45,47,0,94
81170e70-313c-426a-bd5a-d1d7095d0ece.json,1,1,29,32,0,63
81f29050-7885-4c7e-85e8-3df210785cd2.json,1,1,53,53,0,108
82298df8-6f4c-4f34-a3dd-19969f192670.json,1,1,7,6,0,15
8230eeb6-762b-4420-aff6-004b51508c04.json,1,1,20,19,0,41
838c5eee-1f9b-4aaa-b918-bbb1542fa020.json,1,1,29,32,0,63
844594ee-92d3-4c75-960d-f80d7aa5f1ea.json,1,1,23,22,0,47
847a3bf0-7bfc-4371-a192-d54851ac8ef0.json,1,1,26,25,0,53
84e5dd43-6ac3-493a-94f2-56dbc7a083d7.json,1,1,18,17,0,37
85f47985-7a06-471f-bd24-2f0da21702d8.json,1,1,36,37,0,75
861c4ede-bb38-47c5-af84-b0f17bea526f.json,1,1,14,13,0,29
8624674b-2574-4db6-b21f-97a7ded3824e.json,1,1,30,31,0,63
86717522-400f-4324-bf38-3613a3c5a447.json,1,1,34,35,0,71
86a6c7bc-da0b-46ae-b4d0-bd51e1094bed.json,1,1,22,25,0,49
86ba468a-d70e-44ac-bf1e-304add36695a.json,1,1,18,19,0,39
87779bd8-3bce-48a4-8fa5-4e48999baae5.json,1,1,9,8,0,19
87c6d0f2-fdf0-4a52-96f9-9ee3a1e21a62.json,1,1,36,35,0,73
87e94bf3-c64e-433c-8b58-d318cc34f05b.json,1,1,18,20,0,40
886ecfc9-5b3f-4a03-9f1f-082c3e05f439.json,1,1,78,82,0,162
89358723-629f-4e0a-b907-7c1a0caeaeb3.json,1,1,10,9,0,21
8a66fbdc-bdb0-40ab-b97e-b41c385e25d0.json,1,1,59,59,0,120
8ae66d30-01eb-49fe-878a-9ecc5ea97ce0.json,1,1,41,41,0,84
8b607da5-36f3-4428-bccf-59be91bd0ece.json,1,1,21,22,0,45
8c217995-849b-45bb-8b01-72849ded051f.json,1,1,20,21,0,43
8c565fc6-7cf0-403c-95a6-a462006cf42c.json,1,1,10,10,0,22
8cc21236-88cd-4a8b-bd17-c1995aaba39e.json,1,1,38,40,0,80
8ce74654-82c5-4bdd-8f91-08d304de4388.json,1,1,34,34,0,70
8d18603b-8b37-482b-a936-61169a1e98cf.json,1,1,8,7,0,17
8d62e599-c2b6-49b7-b89e-3b30c9aaf983.json,1,1,76,79,0,157
8de6c7ed-59a8-4f49-b710-b678fab44da1.json,1,1,34,37,0,73
8ee959f4-f896-44fb-a9cb-cf6b504c8b93.json,1,1,10,10,0,22
8f84c949-7dd3-498d-b031-046dfbf1a60d.json,1,1,21,23,0,46
90546717-87f1-4063-b8bb-7b28cabf7c5b.json,1,1,14,13,0,29
9181023d-e768-4834-ae3a-a5f71449c8f2.json,1,1,12,12,0,26
93bbed61-b6b6-43ab-948a-97f3e7849eb9.json,1,1,19,20,0,41
93e25baf-c3e0-456c-b30c-8d5728045345.json,1,1,23,27,0,52
94961856-80fa-4654-8c1d-a7f28dd0be6c.json,1,1,45,45,0,92
94c6afc9-696a-418c-a965-6830af5ee804.json,1,1,9,8,0,19
9507933b-8f0e-44bf-a922-32a0df673dc0.json,1,1,9,8,0,19
95b30a17-4825-4a40-9be0-a114bd3ecc27.json,1,1,44,44,0,90
95ff37e0-0c3b-413a-880a-d6698f02e0ed.json,1,1,45,45,0,92
96486f97-6f06-4244-96f7-db89bb84881e.json,1,1,32,32,0,66
96a74db6-03c4-47b8-8406-b086e02ce407.json,1,1,10,9,0,21
96f6df96-4b7c-4593-b10f-db160ea73ffb.json,1,1,24,29,0,55
97eadd5a-26bb-4fc8-9760-3fcd650ae32c.json,1,1,19,18,0,39
9889fd5b-cf7b-4f51-88dd-a5992c28e769.json,1,1,18,19,0,39
98a94598-9e3f-4cf0-a56a-8b5b6fa783e7.json,1,1,35,36,0,73
9975b133-00f6-441f-b368-1af588d880cd.json,1,1,22,21,0,45
9a546da3-746c-4f89-971e-1c29e7fa7da9.json,1,1,32,38,0,72
9aea5795-bb7b-4b79-a974-9e6ecbd6c954.json,1,1,54,66,0,122
9b13c816-04a1-4b8d-a281-0df7acdfce96.json,1,1,37,37,0,76
9c6e840b-7e64-4909-a68e-3a25a484796d.json,1,1,29,32,0,63
9cefa2ab-67ad-4c94-a0f6-1720c29f703b.json,1,1,10,10,0,22
9d1add29-5386-4e0e-8a8c-e9d316a3cfb6.json,1,1,40,40,0,82
9e8d663f-a535-4662-8345-27143be5b9f2.json,1,1,56,55,0,113
a0221ba8-1da2-4043-8900-115753524cbc.json,1,1,7,8,0,17
a04bc989-ea26-49f0-b6bc-88d80899faf8.json,1,1,29,28,0,59
a0ebcdc8-e7dd-4c87-bf26-d92928100b2d.json,1,1,12,11,0,25
a16a69dd-fe41-4863-b2d5-b67b58dad107.json,1,1,22,23,0,47
a17fc8b0-29e2-42e0-aa11-336b98b2e0cc.json,1,1,6,5,0,13
a1941cf3-698b-42f1-8df7-d26ac1b478a4.json,1,1,36,37,0,75
a197a423-c25e-4dd0-afa9-da1fe832ea18.json,1,1,39,40,0,81
a2846052-c559-48e8-b004-d638d99c7a91.json,1,1,45,44,0,91
a2cf7298-255d-4231-bb4c-63d081b6f127.json,1,1,30,30,0,62
a2d4e725-5a20-4365-8766-8764ccd38af8.json,1,1,15,14,0,31
a3fb34f5-9eb1-4c67-a668-6f6171e70303.json,1,1,15,14,0,31
a4019c8f-6eb0-456a-9554-bd10807e297b.json,1,1,31,35,0,68
a450b70b-c928-43e6-9fef-cd23479ee0e0.json,1,1,42,43,0,87
a47b7888-003e-409f-a411-edaa9c601614.json,1,1,13,12,0,27
a550af49-97f3-4c07-9557-11a61608ab19.json,1,1,14,13,0,29
a5e96632-1e60-47b3-9142-a697f8f47154.json,1,1,8,9,0,19
a7294972-a55a-4aad-bd21-159d3d2a806d.json,1,1,73,98,0,173
a85f44ce-a574-4c39-b613-d70d79760506.json,1,1,28,29,0,59
a8e023a9-5ba0-4644-9763-07bcba9ca360.json,1,1,13,12,0,27
a9139595-8bc0-4189-9d2c-8374a28fe4a5.json,1,1,22,23,0,47
a9bc5418-571c-44bf-b272-33c4776a1124.json,1,1,63,63,0,128
a9f0e4ce-0757-4154-a0f9-066b719787ae.json,1,1,24,23,0,49
aa418759-aa70-47a3-9e05-6f4bdd7c429e.json,1,1,33,36,0,71
aa571dd4-9c79-45c9-8b59-df9e987044b8.json,1,1,11,10,0,23
aa906b15-e166-4de4-bbd3-f0370251eddd.json,1,1,21,23,0,46
ab0dbb74-90c4-43f7-b6ec-511e2dd7de72.json,1,1,18,18,0,38
ab3db68d-28f0-4ff5-9973-c509eb850255.json,1,1,13,13,0,28
ab4548a6-a3ac-40e0-80d4-81d2cb12a383.json,1,1,28,28,0,58
abb5756f-a226-4e04-8a94-d9cf3035608d.json,1,1,14,13,0,29
ac7375ac-3dd6-494b-a5e5-c94d481acede.json,1,1,36,37,0,75
ac83543d-2c96-4ec7-9b12-473c4d76d32c.json,1,1,18,19,0,39
ace927bf-d463-4fc6-bd72-879a9be45276.json,1,1,46,47,0,95
ad1d61c6-69c7-41eb-885c-0e8622531f00.json,1,1,26,27,0,55
ad34b2be-f54a-4622-af1f-180af53d655b.json,1,1,14,17,0,33
ad460624-2318-49c9-8eed-29f61ad513d6.json,1,1,20,20,0,42
ae2814c5-ea0b-4142-9683-bff4c4dee78f.json,1,1,60,61,0,123
ae94c9ee-4c21-4ac3-b64e-b9636daad0b7.json,1,1,58,66,0,126
af9acfb2-c171-4a35-be1b-6f2b6246c245.json,1,1,31,30,0,63
b01f150c-eb4a-478f-8008-072e86b6476c.json,1,1,18,18,0,38
b070af49-3d7d-45be-8098-708579fd203d.json,1,1,15,17,0,34
b10c00c1-73cf-4dcc-9bbd-58f6c90e9583.json,1,1,18,19,0,39
b14a6fbc-f19c-4c2d-a48a-038ee3af7753.json,1,1,40,43,0,85
b22004a1-caca-4dea-a3c9-ce4c8cc5fa8f.json,1,1,9,8,0,19
b2e630be-3015-49c4-9809-125d3824d271.json,1,1,40,42,0,84
b3da23d1-b086-4641-81c0-ea0d347698a9.json,1,1,14,15,0,31
b3fd2f56-5aba-4871-b0f1-1dffd33fb368.json,1,1,15,15,0,32
b4224a5e-71ac-4e91-a0ff-4660fc0e0a04.json,1,1,16,15,0,33
b4487b42-768f-48e7-a634-5d965ef6c233.json,1,1,16,16,0,34
b4a8a14f-cdaf-4a66-ab0a-2830bf4c6547.json,1,1,28,29,0,59
b5202378-66e3-4bb7-b342-5291bcba6b96.json,1,1,5,4,0,11
b5a5af2f-5dd0-47be-8eec-efab2517159b.json,1,1,17,16,0,35
b6b0c310-d6e1-4d37-bf72-4d9998f9d2c7.json,1,1,22,23,0,47
b7002076-7364-4a98-97eb-bb8c03c5a091.json,1,1,28,27,0,57
b7685cb9-b3de-4a64-8cde-9e411da164ad.json,1,1,93,96,0,191
b820e146-c83c-4443-8687-60d67c1e9186.json,1,1,22,22,0,46
b8c51216-cf21-47ed-a8b0-002b8b494e51.json,1,1,68,68,0,138
b9478ed7-f09b-4ec6-a361-fffe40346bba.json,1,1,25,27,0,54
b9dff8af-eaf0-484c-8483-54edbe74d2b8.json,1,1,15,15,0,32
babb3a63-5e7b-41f8-87e0-419340580c56.json,1,1,35,35,0,72
bb2a51d2-3a68-43ae-a55c-b8bd806af778.json,1,1,92,91,0,185
bb94516c-db21-474c-8d56-902b457f12bc.json,1,1,30,29,0,61
bbe1469c-fe70-403b-87d9-b113b6ae9cc8.json,1,1,10,9,0,21
bc3b8eb7-4e04-488f-a147-218cdc74939d.json,1,1,16,16,0,34
bc70846c-c1f7-47d2-b4a5-6c310c92cf86.json,1,1,12,11,0,25
bc91fb95-7d58-48d1-8010-627a9bcd3863.json,1,1,17,16,0,35
bd7ca6b7-4ba3-4a94-8e66-8ca21f008246.json,1,1,31,33,0,66
bebeb691-d08a-4f4e-a811-32d59dafa9ef.json,1,1,13,12,0,27
bf22b2f7-196c-4ec5-9753-2abc1f4c75de.json,1,1,42,42,0,86
bfa6c700-916f-4564-824f-20e1afb1200a.json,1,1,19,19,0,40
bfb1cae6-862b-4a4f-8249-098f79f81777.json,1,1,26,27,0,55
bfd35015-cf4b-4004-9838-6eb34835996d.json,1,1,24,23,0,49
bfd411e8-b077-4ddd-aa3d-d5345053a358.json,1,1,17,19,0,38
bfd82093-b6ef-4130-b6c7-0c0924c4dfef.json,1,1,14,13,0,29
c0ae4100-8fca-4fcb-834d-c8b49e707b0c.json,1,1,27,29,0,58
c151ba8c-bd22-4b66-8526-d9900442c727.json,1,1,9,8,0,19
c1635757-136e-44ad-b04a-8558afec00d9.json,1,1,21,20,0,43
c176237d-5fbc-412f-9a47-734990e8a599.json,1,1,41,42,0,85
c1cebb22-52a3-468b-bb63-28b227ba8cfe.json,1,1,17,19,0,38
c1de8be6-ebb2-4df9-84d7-905057a612f9.json,1,1,31,31,0,64
c1ec63fb-67b7-4a26-8cc2-40affd094cc5.json,1,1,46,51,0,99
c1f52acc-28a3-4eec-b5a8-9c26d84d16c5.json,1,1,19,19,0,40
c20d2767-2931-4593-ba10-7a834c7e3f72.json,1,1,20,21,0,43
c29f4564-0523-4abf-bcdc-b72f9ad6d752.json,1,1,56,59,0,117
c2d12a34-8ac2-423d-85af-359d4c5dd564.json,1,1,16,16,0,34
c414833c-d6a6-461c-bc03-efa04674c140.json,1,1,13,13,0,28
c46de320-987a-4a7e-b55c-5d7121b4af1d.json,1,1,14,14,0,30
c507dd66-6e13-43ae-a67b-16e0e906d308.json,1,1,35,37,0,74
c5e84c33-1c8d-4bd4-9435-53c88aeaa129.json,1,1,10,9,0,21
c612c449-86f2-444d-af1e-fd73a20a0aed.json,1,1,21,21,0,44
c7102384-eb37-46fd-9b3a-96fc70351a26.json,1,1,31,33,0,66
c717ab5d-de6e-45f5-9b2e-b3d3c0fd3728.json,1,1,62,86,0,150
c76b6a31-b9cb-4f0a-b8d5-04b9ecbf8bc6.json,1,1,17,17,0,36
c81974ce-fcd1-4c82-81c7-564199e4bce8.json,1,1,18,18,0,38
c91323f3-9767-4522-b032-1bf24d82430b.json,1,1,78,81,0,161
c9577690-702c-468d-8302-a41f0b0c579e.json,1,1,117,120,0,239
c98cba05-cbbf-4d4d-8087-d28f9415019d.json,1,1,19,19,0,40
ca17891f-93e5-4453-a57d-495ae7f5b41b.json,1,1,19,21,0,42
cabc55d3-befd-43d2-bacb-9ff9092cb414.json,1,1,9,8,0,19
cb1f1b96-1dca-4619-be22-f987b39f2a7f.json,1,1,10,11,0,23
cb61d95f-7656-4657-9469-3fe8d55d4f21.json,1,1,24,23,0,49
cb7d1967-a964-4b09-870a-734c1f6cc0ff.json,1,1,70,70,0,142
cbcd8a5d-3e03-4a24-8dbf-795cf658ae74.json,1,1,58,57,0,117
cc6c8b1f-bf2a-41ac-8fb6-11efabded3be.json,1,1,18,17,0,37
cd99d5ba-c7ad-4eba-9fb8-1b419ed840d5.json,1,1,44,45,0,91
cde40644-46a5-452d-b6bd-d37150896911.json,1,1,31,31,0,64
ce88f472-5f12-4817-9b88-9fc1ff3af028.json,1,1,18,17,0,37
d0a7a1b1-c838-4ed0-9a38-7277235f8c02.json,1,1,26,26,0,54
d0bd389a-b5ab-4ca7-973d-08865d32f5a7.json,1,1,18,18,0,38
d0e286c3-753a-4552-863e-c86daebb9c11.json,1,1,33,37,0,72
d15f5a38-b5da-4f17-9661-ad03116265ba.json,1,1,28,29,0,59
d1eae632-5e94-4c8a-9c12-56413c42ea1b.json,1,1,18,18,0,38
d23a2ad1-07ff-46f3-a636-111e4cbbf4db.json,1,1,20,23,0,45
d23e90fa-7c38-4600-9a6f-6d113c63cf3a.json,1,1,25,29,0,56
d25c0922-aec2-4189-8941-764c7183eedd.json,1,1,9,8,0,19
d268d87f-9e8d-4efd-a931-ff5f8469b534.json,1,1,12,11,0,25
d3952b46-87f3-40c9-9c4b-64260c1ffd65.json,1,1,14,14,0,30
d6515f26-2b3a-4bf8-bfbb-6bde3fed9f57.json,1,1,46,49,0,97
d6ccf154-bd6b-451b-9fd1-2b427da1c0b8.json,1,1,9,8,0,19
d711d7f3-d7de-4039-8bfe-ff3c930086c1.json,1,1,29,31,0,62
d74ae09f-fba8-48ae-8aba-4bd4a4ce8bab.json,1,1,16,20,0,38
d787ccf7-d5c4-49a7-9b01-55b12e3eb198.json,1,1,11,10,0,23
d7a891ab-a745-4ce6-9982-7de68be15c81.json,1,1,20,19,0,41
d8357a39-1234-471c-8b8d-dc080c12120c.json,1,1,15,14,0,31
d8901509-703f-4df7-9ea5-ed6ec5e766ea.json,1,1,16,15,0,33
d8d22016-ac97-457a-8279-9f52403542dd.json,1,1,23,22,0,47
d9729638-8534-4976-b57e-b21bb9327d2b.json,1,1,38,50,0,90
d9e14641-49e2-4969-8bfd-3483145dcbe3.json,1,1,20,21,0,43
da5f3973-6c59-4b1f-91a6-824fe7dcbac9.json,1,1,57,62,0,121
dab8a340-522e-45e6-baa7-f02db68c2499.json,1,1,25,25,0,52
daf58cad-dc7c-4ef4-8c65-6f9281cc4be3.json,1,1,22,21,0,45
db37b5fc-e3da-4b19-8375-93bf9355dcb9.json,1,1,5,4,0,11
dbcf64b7-0ea4-49c1-be19-c28232e1d043.json,1,1,33,35,0,70
dbed8838-7cca-47a4-b307-7d43a23f3024.json,1,1,13,12,0,27
dc236fe6-4107-47f3-9702-1fdb1b1c74fb.json,1,1,42,45,0,89
dc7502ef-e64c-4c97-8080-a84da159cf5e.json,1,1,27,30,0,59
dcb95335-17a0-4cfd-bc5b-56bb115b8262.json,1,1,26,28,0,56
dd0f1e9d-29d1-47fa-97d1-e8314579e90d.json,1,1,28,31,0,61
ddb1417e-1526-4d4a-ac45-972d91f0191b.json,1,1,8,8,0,18
ddcd174b-0bf2-4596-9012-684ccdac7df4.json,1,1,49,49,0,100
de683680-c465-4323-b05f-b0f739205a54.json,1,1,9,10,0,21
ded071b9-7833-4784-b33f-3d84193c2f46.json,1,1,46,47,0,95
ded7360e-6b0e-4389-9883-bd32e3cbebae.json,1,1,45,50,0,97
df515505-8e52-4cb0-9c49-b4aaf583aa3c.json,1,1,20,23,0,45
df928c9f-62d4-4e33-a02b-98351c7227e4.json,1,1,23,23,0,48
e00da2a7-20d3-4358-894f-db3a36957416.json,1,1,22,21,0,45
e1246500-44c9-41f1-b14e-72a2a161a2da.json,1,1,48,50,0,100
e170e7a2-69fb-47ca-a7e1-a076d7ff46ce.json,1,1,18,17,0,37
e1f24704-0a49-4072-86eb-716fa0201963.json,1,1,38,39,0,79
e42fb0eb-49b2-4673-9a75-d8afcc9f732c.json,1,1,22,24,0,48
e48519e2-7043-493a-a545-834b51edd2b3.json,1,1,18,20,0,40
e4da4dde-2e25-4380-b9c8-4b360ab3382d.json,1,1,15,15,0,32
e4f473a4-9af8-4b9f-b50d-a0cbf3a62ddb.json,1,1,30,30,0,62
e500206f-2100-4b72-bcd2-2be25de34f92.json,1,1,39,43,0,84
e5357639-a3dc-4a98-9443-bf6acbda2b38.json,1,1,6,5,0,13
e58bdcbf-295f-4020-b1ff-0e62bf225f13.json,1,1,66,73,0,141
e60a6d04-30a3-4c9e-a4e8-c55bb2cc0333.json,1,1,18,19,0,39
e7f22a77-e90f-4339-9c3a-f4c5980eb187.json,1,1,26,25,0,53
e8da8c53-fe4b-4264-b169-0f1a1726dbea.json,1,1,50,53,0,105
e8f97672-1767-46d7-b2d8-abbc3cc7e04b.json,1,1,6,5,0,13
e90f4af0-bebc-42c6-b357-8c1261c7ce01.json,1,1,38,40,0,80
e9164ea1-5c18-458b-8c22-e5e8f47a2140.json,1,1,10,9,0,21
e9578df0-136c-4a29-ae15-6e013a2ac9c6.json,1,1,23,22,0,47
e9cca6ac-8cfe-4752-9442-d4a75cbebaa2.json,1,1,35,40,0,77
ea54656e-85fd-4e4f-9518-3e67821d0873.json,1,1,8,7,0,17
eaade337-0380-46c9-8ecd-bb7ed641b90b.json,1,1,47,48,0,97
eb9f138d-54e6-4b22-9543-06a6a1bcd866.json,1,1,17,17,0,36
ec84290d-30cd-496b-9793-e7a03a0a9677.json,1,1,140,146,0,288
edbe0012-bec9-4274-af8d-7a44cbdbbd28.json,1,1,12,12,0,26
eeb55d74-9418-41d2-9fff-dc7b2ab36fc2.json,1,1,40,41,0,83
eebda10f-d683-491b-838f-9eb2ca19ab39.json,1,1,16,16,0,34
efa9e2f3-b449-4c69-a069-34f8e27e8c6f.json,1,1,15,16,0,33
f0b4e5b8-7eda-4e29-96ba-05546c203216.json,1,1,52,57,0,111
f0e72efb-e25f-4da4-956d-4c077fe51fcf.json,1,1,61,61,0,124
f12a0da4-76fe-465d-9188-d4e868bcf858.json,1,1,49,59,0,110
f13339d8-06c0-4229-8b99-a196b6b06ccd.json,1,1,16,16,0,34
f16aa775-f1c6-4e3d-bc66-14d49fc4d68a.json,1,1,14,14,0,30
f2262556-0b10-467e-be65-f8573958370d.json,1,1,28,28,0,58
f28705c2-bc4a-433d-ab7b-f5bffef08241.json,1,1,8,7,0,17
f4430cc8-91c5-4499-8f47-51af96b5d31e.json,1,1,16,15,0,33
f461be7e-afbe-4be2-a487-0da2555ba8da.json,1,1,16,16,0,34
f5037a5b-e248-45fd-8904-1c7817aeebfb.json,1,1,12,14,0,28
f5d15bfb-a10f-43a3-874d-b4782a02c5c7.json,1,1,48,47,0,97
f63b10ab-11cc-42b9-8938-b313c8a0e675.json,1,1,37,43,0,82
f65faeb6-ede0-4793-86e1-f2174d0d4293.json,1,1,7,6,0,15
f695a3ff-6022-434c-8c44-fc34211ec11f.json,1,1,12,13,0,27
f6a26a31-e325-4a7a-baec-52f3e537a2d0.json,1,1,22,22,0,46
f71c7235-24a3-4c6c-aabd-82694535826e.json,1,1,20,21,0,43
f77024ae-06c3-47d7-ad04-4ce07a76649b.json,1,1,81,84,0,167
f8507f0f-fd21-4ce2-82c7-4d3378b2a7ac.json,1,1,16,16,0,34
f8aeca20-03ea-499a-bdde-a0fe2733ce73.json,1,1,27,27,0,56
fc2b0b19-65be-4baf-97ef-d1364f60b16b.json,1,1,27,27,0,56
fc833a23-37e6-4fb8-ad39-cb06c93a123a.json,1,1,11,11,0,24
fe883442-a2d0-494e-beed-d3522b000bf2.json,1,1,14,17,0,33
fec291bc-5b4d-45f6-be01-605b9c305ce6.json,1,1,72,76,0,150
fef67b31-aa31-4098-837f-07bdeab58740.json,1,1,17,16,0,35
ffb1b384-a3a4-471d-81ac-5e3e6a0f48cb.json,1,1,53,58,0,113
TOTAL,500,500,14466,14956,0,30422
